[
  {
    "link": "https://lemediapourtous.fr/vincent-lapierre-commente-vos-commentaires-youtube-%f0%9f%98%85/"
  },
  {
    "link": "https://lemediapourtous.fr/milliards-ponctionnes-scandale-frais-bancaires/"
  },
  {
    "link": "https://lemediapourtous.fr/vincent-lapierre-soral-sur-le-coronavirus-remarques-sur-les-defaillances-dun-travail-critique/"
  },
  {
    "link": "https://lemediapourtous.fr/vers-une-souverainete-mediatique-entretien-avec-vincent-lapierre-par-lobservatoire-du-journalisme/"
  },
  {
    "link": "https://lemediapourtous.fr/coronavirus-immersion-dans-un-paris-confine-reportage/"
  },
  {
    "link": "https://lemediapourtous.fr/du-brexit-au-frexit-le-debut-dune-alliance/"
  },
  {
    "link": "https://lemediapourtous.fr/vincent-lapierre-a-une-annonce-a-vous-faire/"
  },
  {
    "link": "https://lemediapourtous.fr/a-la-decouverte-de-briancon-douce-france/"
  },
  {
    "link": "https://lemediapourtous.fr/pas-de-convergence-des-luttes-lultragauche-toujours-au-service-de-loligarchie/"
  },
  {
    "link": "https://lemediapourtous.fr/le-media-pour-tous-recherche-des-personnes-motivees-pour-assurer-la-securite-de-ses-equipes-lors-des-reportages/"
  },
  {
    "link": "https://lemediapourtous.fr/les-1-an-des-gilets-jaunes-reportages/"
  },
  {
    "link": "https://lemediapourtous.fr/sibeth-ndiaye-se-demande-si-rt-france-est-bien-un-media-elle-veut-un-conseil-de-deontologie-pour-en-etre-sure/"
  },
  {
    "link": "https://lemediapourtous.fr/le-retour-des-gilets-jaunes-sur-les-champs-elysees-acte-45/"
  },
  {
    "link": "https://lemediapourtous.fr/le-bilderberg-les-reportages-de-vincent-lapierre/"
  },
  {
    "link": "https://lemediapourtous.fr/vincent-lapierre-fait-le-point/"
  },
  {
    "link": "https://lemediapourtous.fr/la-forge-les-reportages-de-vincent-lapierre/"
  }
]